trial,NCT,phenotype_branch_id,phenotype_branch_name,criterion_id,criterion_description,criterion_role,necessary_for_branch,source_type,source_citation_or_asset,exact_source_location,observability_class,nhanes_variable,nhanes_operational_definition,proxy_limitation,unavailable_reason,notes
ELIXA,NCT01147250,ELIXA-B1,Recent acute coronary syndrome,ELIXA-AGE30,Age ≥30 years,CORE_NECESSARY,YES,ClinicalTrials.gov record / trial protocol / primary publication,https://clinicaltrials.gov/study/NCT01147250; manuscript reference [21],criterion_segment_id=NCT01147250-S012,OBSERVABLE,RIDAGEYR,Valid RIDAGEYR ≥30; missing/invalid unresolved.,,,Ever MI/CHD is not substituted for recent ACS.
ELIXA,NCT01147250,ELIXA-B1,Recent acute coronary syndrome,ELIXA-T2D,Diagnosed type 2 diabetes,CORE_NECESSARY,YES,ClinicalTrials.gov record / trial protocol / primary publication,https://clinicaltrials.gov/study/NCT01147250; manuscript reference [21],criterion_segment_id=NCT01147250-S007,PROXY_OBSERVABLE,DIQ010,DIQ010=1; codes 3/7/9/missing unresolved; DIQ010=2 contradicts branch. DIQ010=1 is accepted for DIRECT mapping of the diagnosed-T2D criterion only; DIQ010=2 contradicts it; unresolved codes are INDETERMINATE.,"Self-reported physician diagnosis does not reproduce trial adjudication, diabetes duration, or type confirmation. This is phenotype mapping, not trial-adjudicated diabetes or exact eligibility.",,Ever MI/CHD is not substituted for recent ACS.
ELIXA,NCT01147250,ELIXA-B1,Recent acute coronary syndrome,ELIXA-RECENT_ACS,Spontaneous ACS within 180 days before screening,CORE_BRANCH_DEFINING,YES,ClinicalTrials.gov record / trial protocol / primary publication,https://clinicaltrials.gov/study/NCT01147250; manuscript reference [21],criterion_segment_id=NCT01147250-S004,UNAVAILABLE,NONE,No participant-level value is evaluated; structural unobservability invokes POTENTIAL when all evaluable core criteria are satisfied.,,"NHANES records lifetime CHD/MI/stroke responses but does not reconstruct ACS admission, biomarkers, or the 180-day event window.",Ever MI/CHD is not substituted for recent ACS.
LEADER,NCT01179048,LEADER-B1,Age ≥50 with observable coronary/cerebrovascular component,LEADER-T2D,Diagnosed type 2 diabetes,CORE_NECESSARY,YES,ClinicalTrials.gov record / trial protocol / primary publication,https://clinicaltrials.gov/study/NCT01179048; manuscript reference [1],criterion_segment_id=NCT01179048-S005,PROXY_OBSERVABLE,DIQ010,DIQ010=1; codes 3/7/9/missing unresolved; DIQ010=2 contradicts branch. DIQ010=1 is accepted for DIRECT mapping of the diagnosed-T2D criterion only; DIQ010=2 contradicts it; unresolved codes are INDETERMINATE.,"Self-reported physician diagnosis does not reproduce trial adjudication, diabetes duration, or type confirmation. This is phenotype mapping, not trial-adjudicated diabetes or exact eligibility.",,Alternative OR branch preserved. this is the observable subbranch; the source-defined residual is retained separately.
LEADER,NCT01179048,LEADER-B1,Age ≥50 with observable coronary/cerebrovascular component,LEADER-AGE50,Age ≥50 years,CORE_BRANCH_DEFINING,YES,ClinicalTrials.gov record / trial protocol / primary publication,https://clinicaltrials.gov/study/NCT01179048; manuscript reference [1],criterion_segment_id=NCT01179048-S001,OBSERVABLE,RIDAGEYR,Valid RIDAGEYR ≥50; missing/invalid unresolved.,,,Alternative OR branch preserved. this is the observable subbranch; the source-defined residual is retained separately.
LEADER,NCT01179048,LEADER-B1,Age ≥50 with observable coronary/cerebrovascular component,LEADER-ASCVD,Established coronary or cerebrovascular disease phenotype,CORE_BRANCH_DEFINING,YES,ClinicalTrials.gov record / trial protocol / primary publication,https://clinicaltrials.gov/study/NCT01179048; manuscript reference [1],criterion_segment_id=NCT01179048-S001,PROXY_OBSERVABLE,MCQ160C;MCQ160E;MCQ160F,Three-valued OR: any yes=positive; all no=negative; otherwise unresolved. Any specified CHD/MI/stroke proxy positive is accepted for DIRECT mapping of the coronary/cerebrovascular subbranch only.,"Self-report captures CHD, MI, and stroke but not imaging stenosis, all revascularization constructs, or symptomatic PAD. All-negative proxy contradicts only that subbranch and cannot exclude PAD/PVD or other source-defined CVD residual branches.",,Alternative OR branch preserved. this is the observable subbranch; the source-defined residual is retained separately.
LEADER,NCT01179048,LEADER-B1-OTHER-CVD,Age ≥50 with other source-defined cardiovascular disease,LEADER-T2D,Diagnosed type 2 diabetes,CORE_NECESSARY,YES,ClinicalTrials.gov record / trial protocol / primary publication,https://clinicaltrials.gov/study/NCT01179048; manuscript reference [1],criterion_segment_id=NCT01179048-S005,PROXY_OBSERVABLE,DIQ010,DIQ010=1; codes 3/7/9/missing unresolved; DIQ010=2 contradicts branch. DIQ010=1 is accepted for DIRECT mapping of the diagnosed-T2D criterion only; DIQ010=2 contradicts it; unresolved codes are INDETERMINATE.,"Self-reported physician diagnosis does not reproduce trial adjudication, diabetes duration, or type confirmation. This is phenotype mapping, not trial-adjudicated diabetes or exact eligibility.",,Alternative OR branch preserved. this is the observable subbranch; the source-defined residual is retained separately.
LEADER,NCT01179048,LEADER-B1-OTHER-CVD,Age ≥50 with other source-defined cardiovascular disease,LEADER-AGE50,Age ≥50 years,CORE_BRANCH_DEFINING,YES,ClinicalTrials.gov record / trial protocol / primary publication,https://clinicaltrials.gov/study/NCT01179048; manuscript reference [1],criterion_segment_id=NCT01179048-S001,OBSERVABLE,RIDAGEYR,Valid RIDAGEYR ≥50; missing/invalid unresolved.,,,Alternative OR branch preserved. this is the observable subbranch; the source-defined residual is retained separately.
LEADER,NCT01179048,LEADER-B1-OTHER-CVD,Age ≥50 with other source-defined cardiovascular disease,LEADER-CVD-RESIDUAL,Source-defined cardiovascular disease outside the specified CHD/MI/stroke proxy,CORE_BRANCH_DEFINING,YES,ClinicalTrials.gov record / trial protocol / primary publication,https://clinicaltrials.gov/study/NCT01179048; manuscript reference [1],criterion_segment_id=NCT01179048-S001,UNAVAILABLE,NONE,No participant-level value is evaluated; structural unobservability invokes POTENTIAL when all evaluable core criteria are satisfied.,,The broad cardiovascular-disease wording is not exhausted by the specified CHD/MI/stroke proxy.,source phenotype precedes NHANES observability.
LEADER,NCT01179048,LEADER-B1-PVD,Age ≥50 with peripheral vascular disease,LEADER-T2D,Diagnosed type 2 diabetes,CORE_NECESSARY,YES,ClinicalTrials.gov record / trial protocol / primary publication,https://clinicaltrials.gov/study/NCT01179048; manuscript reference [1],criterion_segment_id=NCT01179048-S005,PROXY_OBSERVABLE,DIQ010,DIQ010=1; codes 3/7/9/missing unresolved; DIQ010=2 contradicts branch. DIQ010=1 is accepted for DIRECT mapping of the diagnosed-T2D criterion only; DIQ010=2 contradicts it; unresolved codes are INDETERMINATE.,"Self-reported physician diagnosis does not reproduce trial adjudication, diabetes duration, or type confirmation. This is phenotype mapping, not trial-adjudicated diabetes or exact eligibility.",,Alternative OR branch preserved. this is the observable subbranch; the source-defined residual is retained separately.
LEADER,NCT01179048,LEADER-B1-PVD,Age ≥50 with peripheral vascular disease,LEADER-AGE50,Age ≥50 years,CORE_BRANCH_DEFINING,YES,ClinicalTrials.gov record / trial protocol / primary publication,https://clinicaltrials.gov/study/NCT01179048; manuscript reference [1],criterion_segment_id=NCT01179048-S001,OBSERVABLE,RIDAGEYR,Valid RIDAGEYR ≥50; missing/invalid unresolved.,,,Alternative OR branch preserved. this is the observable subbranch; the source-defined residual is retained separately.
LEADER,NCT01179048,LEADER-B1-PVD,Age ≥50 with peripheral vascular disease,LEADER-PVD,Source-defined peripheral vascular disease,CORE_BRANCH_DEFINING,YES,ClinicalTrials.gov record / trial protocol / primary publication,https://clinicaltrials.gov/study/NCT01179048; manuscript reference [1],criterion_segment_id=NCT01179048-S001,UNAVAILABLE,NONE,No participant-level value is evaluated; structural unobservability invokes POTENTIAL when all evaluable core criteria are satisfied.,,No specified NHANES variable reproduces the source-defined peripheral vascular disease construct.,source phenotype precedes NHANES observability.
LEADER,NCT01179048,LEADER-B2,Age ≥50 with chronic renal failure,LEADER-T2D,Diagnosed type 2 diabetes,CORE_NECESSARY,YES,ClinicalTrials.gov record / trial protocol / primary publication,https://clinicaltrials.gov/study/NCT01179048; manuscript reference [1],criterion_segment_id=NCT01179048-S005,PROXY_OBSERVABLE,DIQ010,DIQ010=1; codes 3/7/9/missing unresolved; DIQ010=2 contradicts branch. DIQ010=1 is accepted for DIRECT mapping of the diagnosed-T2D criterion only; DIQ010=2 contradicts it; unresolved codes are INDETERMINATE.,"Self-reported physician diagnosis does not reproduce trial adjudication, diabetes duration, or type confirmation. This is phenotype mapping, not trial-adjudicated diabetes or exact eligibility.",,Alternative OR branch preserved.
LEADER,NCT01179048,LEADER-B2,Age ≥50 with chronic renal failure,LEADER-AGE50,Age ≥50 years,CORE_BRANCH_DEFINING,YES,ClinicalTrials.gov record / trial protocol / primary publication,https://clinicaltrials.gov/study/NCT01179048; manuscript reference [1],criterion_segment_id=NCT01179048-S001,OBSERVABLE,RIDAGEYR,Valid RIDAGEYR ≥50; missing/invalid unresolved.,,,Alternative OR branch preserved.
LEADER,NCT01179048,LEADER-B2,Age ≥50 with chronic renal failure,LEADER-CRF,Trial-defined chronic renal failure,CORE_BRANCH_DEFINING,YES,ClinicalTrials.gov record / trial protocol / primary publication,https://clinicaltrials.gov/study/NCT01179048; manuscript reference [1],criterion_segment_id=NCT01179048-S001,UNAVAILABLE,NONE,No participant-level value is evaluated; structural unobservability invokes POTENTIAL when all evaluable core criteria are satisfied.,,The available trial documentation did not support a reproducible operational threshold for the qualifying chronic-renal-failure construct.,Alternative OR branch preserved.
LEADER,NCT01179048,LEADER-B3,Age ≥50 with chronic heart failure,LEADER-T2D,Diagnosed type 2 diabetes,CORE_NECESSARY,YES,ClinicalTrials.gov record / trial protocol / primary publication,https://clinicaltrials.gov/study/NCT01179048; manuscript reference [1],criterion_segment_id=NCT01179048-S005,PROXY_OBSERVABLE,DIQ010,DIQ010=1; codes 3/7/9/missing unresolved; DIQ010=2 contradicts branch. DIQ010=1 is accepted for DIRECT mapping of the diagnosed-T2D criterion only; DIQ010=2 contradicts it; unresolved codes are INDETERMINATE.,"Self-reported physician diagnosis does not reproduce trial adjudication, diabetes duration, or type confirmation. This is phenotype mapping, not trial-adjudicated diabetes or exact eligibility.",,Alternative OR branch preserved.
LEADER,NCT01179048,LEADER-B3,Age ≥50 with chronic heart failure,LEADER-AGE50,Age ≥50 years,CORE_BRANCH_DEFINING,YES,ClinicalTrials.gov record / trial protocol / primary publication,https://clinicaltrials.gov/study/NCT01179048; manuscript reference [1],criterion_segment_id=NCT01179048-S001,OBSERVABLE,RIDAGEYR,Valid RIDAGEYR ≥50; missing/invalid unresolved.,,,Alternative OR branch preserved.
LEADER,NCT01179048,LEADER-B3,Age ≥50 with chronic heart failure,LEADER-HF,Trial-defined chronic heart failure,CORE_BRANCH_DEFINING,YES,ClinicalTrials.gov record / trial protocol / primary publication,https://clinicaltrials.gov/study/NCT01179048; manuscript reference [1],criterion_segment_id=NCT01179048-S001,UNAVAILABLE,NONE,No participant-level value is evaluated; structural unobservability invokes POTENTIAL when all evaluable core criteria are satisfied.,,No specified NHANES phenotype reproduces the trial-defining chronic-HF construct.,Alternative OR branch preserved.
LEADER,NCT01179048,LEADER-B4,Age ≥60 with specified cardiovascular risk factors,LEADER-T2D,Diagnosed type 2 diabetes,CORE_NECESSARY,YES,ClinicalTrials.gov record / trial protocol / primary publication,https://clinicaltrials.gov/study/NCT01179048; manuscript reference [1],criterion_segment_id=NCT01179048-S005,PROXY_OBSERVABLE,DIQ010,DIQ010=1; codes 3/7/9/missing unresolved; DIQ010=2 contradicts branch. DIQ010=1 is accepted for DIRECT mapping of the diagnosed-T2D criterion only; DIQ010=2 contradicts it; unresolved codes are INDETERMINATE.,"Self-reported physician diagnosis does not reproduce trial adjudication, diabetes duration, or type confirmation. This is phenotype mapping, not trial-adjudicated diabetes or exact eligibility.",,Alternative OR branch preserved.
LEADER,NCT01179048,LEADER-B4,Age ≥60 with specified cardiovascular risk factors,LEADER-AGE60,Age ≥60 years,CORE_BRANCH_DEFINING,YES,ClinicalTrials.gov record / trial protocol / primary publication,https://clinicaltrials.gov/study/NCT01179048; manuscript reference [1],criterion_segment_id=NCT01179048-S001,OBSERVABLE,RIDAGEYR,Valid RIDAGEYR ≥60; missing/invalid unresolved.,,,Alternative OR branch preserved.
LEADER,NCT01179048,LEADER-B4,Age ≥60 with specified cardiovascular risk factors,LEADER-RISK,Trial-specified cardiovascular risk-factor construct,CORE_BRANCH_DEFINING,YES,ClinicalTrials.gov record / trial protocol / primary publication,https://clinicaltrials.gov/study/NCT01179048; manuscript reference [1],criterion_segment_id=NCT01179048-S001,UNAVAILABLE,NONE,No participant-level value is evaluated; structural unobservability invokes POTENTIAL when all evaluable core criteria are satisfied.,,The available trial documentation did not specify the multivariable risk construct with sufficient detail for reproducible participant-level mapping.,Alternative OR branch preserved.
SUSTAIN-6,NCT01720446,SUSTAIN6-B1,Age ≥50 with observable component of clinical cardiovascular disease,SUSTAIN-6-T2D,Diagnosed type 2 diabetes,CORE_NECESSARY,YES,ClinicalTrials.gov record / trial protocol / primary publication,https://clinicaltrials.gov/study/NCT01720446; manuscript reference [25],criterion_segment_id=NCT01720446-S009,PROXY_OBSERVABLE,DIQ010,DIQ010=1; codes 3/7/9/missing unresolved; DIQ010=2 contradicts branch. DIQ010=1 is accepted for DIRECT mapping of the diagnosed-T2D criterion only; DIQ010=2 contradicts it; unresolved codes are INDETERMINATE.,"Self-reported physician diagnosis does not reproduce trial adjudication, diabetes duration, or type confirmation. This is phenotype mapping, not trial-adjudicated diabetes or exact eligibility.",,Alternative OR branch preserved. this is the observable subbranch; the source-defined residual is retained separately.
SUSTAIN-6,NCT01720446,SUSTAIN6-B1,Age ≥50 with observable component of clinical cardiovascular disease,SUSTAIN-6-AGE50,Age ≥50 years,CORE_BRANCH_DEFINING,YES,ClinicalTrials.gov record / trial protocol / primary publication,https://clinicaltrials.gov/study/NCT01720446; manuscript reference [25],criterion_segment_id=NCT01720446-S003,OBSERVABLE,RIDAGEYR,Valid RIDAGEYR ≥50; missing/invalid unresolved.,,,Alternative OR branch preserved. this is the observable subbranch; the source-defined residual is retained separately.
SUSTAIN-6,NCT01720446,SUSTAIN6-B1,Age ≥50 with observable component of clinical cardiovascular disease,SUSTAIN-6-ASCVD,Established coronary or cerebrovascular disease phenotype,CORE_BRANCH_DEFINING,YES,ClinicalTrials.gov record / trial protocol / primary publication,https://clinicaltrials.gov/study/NCT01720446; manuscript reference [25],criterion_segment_id=NCT01720446-S003,PROXY_OBSERVABLE,MCQ160C;MCQ160E;MCQ160F,Three-valued OR: any yes=positive; all no=negative; otherwise unresolved. Any specified CHD/MI/stroke proxy positive is accepted for DIRECT mapping of the coronary/cerebrovascular subbranch only.,"Self-report captures CHD, MI, and stroke but not imaging stenosis, all revascularization constructs, or symptomatic PAD. All-negative proxy contradicts only that subbranch and cannot exclude PAD/PVD or other source-defined CVD residual branches.",,Alternative OR branch preserved. this is the observable subbranch; the source-defined residual is retained separately.
SUSTAIN-6,NCT01720446,SUSTAIN6-B1-RESIDUAL,Age ≥50 with residual source-defined clinical cardiovascular disease,SUSTAIN-6-T2D,Diagnosed type 2 diabetes,CORE_NECESSARY,YES,ClinicalTrials.gov record / trial protocol / primary publication,https://clinicaltrials.gov/study/NCT01720446; manuscript reference [25],criterion_segment_id=NCT01720446-S009,PROXY_OBSERVABLE,DIQ010,DIQ010=1; codes 3/7/9/missing unresolved; DIQ010=2 contradicts branch. DIQ010=1 is accepted for DIRECT mapping of the diagnosed-T2D criterion only; DIQ010=2 contradicts it; unresolved codes are INDETERMINATE.,"Self-reported physician diagnosis does not reproduce trial adjudication, diabetes duration, or type confirmation. This is phenotype mapping, not trial-adjudicated diabetes or exact eligibility.",,Alternative OR branch preserved. this is the observable subbranch; the source-defined residual is retained separately.
SUSTAIN-6,NCT01720446,SUSTAIN6-B1-RESIDUAL,Age ≥50 with residual source-defined clinical cardiovascular disease,SUSTAIN-6-AGE50,Age ≥50 years,CORE_BRANCH_DEFINING,YES,ClinicalTrials.gov record / trial protocol / primary publication,https://clinicaltrials.gov/study/NCT01720446; manuscript reference [25],criterion_segment_id=NCT01720446-S003,OBSERVABLE,RIDAGEYR,Valid RIDAGEYR ≥50; missing/invalid unresolved.,,,Alternative OR branch preserved. this is the observable subbranch; the source-defined residual is retained separately.
SUSTAIN-6,NCT01720446,SUSTAIN6-B1-RESIDUAL,Age ≥50 with residual source-defined clinical cardiovascular disease,SUSTAIN-6-CVD-RESIDUAL,Clinical cardiovascular disease outside the specified CHD/MI/stroke proxy,CORE_BRANCH_DEFINING,YES,ClinicalTrials.gov record / trial protocol / primary publication,https://clinicaltrials.gov/study/NCT01720446; manuscript reference [25],criterion_segment_id=NCT01720446-S003,UNAVAILABLE,NONE,No participant-level value is evaluated; structural unobservability invokes POTENTIAL when all evaluable core criteria are satisfied.,,The source uses broad clinical cardiovascular disease; residual manifestations are structurally unavailable.,source phenotype precedes NHANES observability.
SUSTAIN-6,NCT01720446,SUSTAIN6-B2,Age ≥50 with trial-defined CKD,SUSTAIN-6-T2D,Diagnosed type 2 diabetes,CORE_NECESSARY,YES,ClinicalTrials.gov record / trial protocol / primary publication,https://clinicaltrials.gov/study/NCT01720446; manuscript reference [25],criterion_segment_id=NCT01720446-S009,PROXY_OBSERVABLE,DIQ010,DIQ010=1; codes 3/7/9/missing unresolved; DIQ010=2 contradicts branch. DIQ010=1 is accepted for DIRECT mapping of the diagnosed-T2D criterion only; DIQ010=2 contradicts it; unresolved codes are INDETERMINATE.,"Self-reported physician diagnosis does not reproduce trial adjudication, diabetes duration, or type confirmation. This is phenotype mapping, not trial-adjudicated diabetes or exact eligibility.",,Alternative OR branch preserved.
SUSTAIN-6,NCT01720446,SUSTAIN6-B2,Age ≥50 with trial-defined CKD,SUSTAIN-6-AGE50,Age ≥50 years,CORE_BRANCH_DEFINING,YES,ClinicalTrials.gov record / trial protocol / primary publication,https://clinicaltrials.gov/study/NCT01720446; manuscript reference [25],criterion_segment_id=NCT01720446-S003,OBSERVABLE,RIDAGEYR,Valid RIDAGEYR ≥50; missing/invalid unresolved.,,,Alternative OR branch preserved.
SUSTAIN-6,NCT01720446,SUSTAIN6-B2,Age ≥50 with trial-defined CKD,SUSTAIN-6-CKD,Trial-defined CKD qualification,CORE_BRANCH_DEFINING,YES,ClinicalTrials.gov record / trial protocol / primary publication,https://clinicaltrials.gov/study/NCT01720446; manuscript reference [25],ClinicalTrials.gov NCT01720446; CKD qualifying branch,UNAVAILABLE,NONE,No participant-level value is evaluated; structural unobservability invokes POTENTIAL when all evaluable core criteria are satisfied.,,The trial documentation identifies CKD qualification but does not provide a sufficiently specific threshold for reproducible participant-level mapping.,Alternative OR branch preserved.
SUSTAIN-6,NCT01720446,SUSTAIN6-B3,Age ≥60 with subclinical cardiovascular risk,SUSTAIN-6-T2D,Diagnosed type 2 diabetes,CORE_NECESSARY,YES,ClinicalTrials.gov record / trial protocol / primary publication,https://clinicaltrials.gov/study/NCT01720446; manuscript reference [25],criterion_segment_id=NCT01720446-S009,PROXY_OBSERVABLE,DIQ010,DIQ010=1; codes 3/7/9/missing unresolved; DIQ010=2 contradicts branch. DIQ010=1 is accepted for DIRECT mapping of the diagnosed-T2D criterion only; DIQ010=2 contradicts it; unresolved codes are INDETERMINATE.,"Self-reported physician diagnosis does not reproduce trial adjudication, diabetes duration, or type confirmation. This is phenotype mapping, not trial-adjudicated diabetes or exact eligibility.",,Alternative OR branch preserved.
SUSTAIN-6,NCT01720446,SUSTAIN6-B3,Age ≥60 with subclinical cardiovascular risk,SUSTAIN-6-AGE60,Age ≥60 years,CORE_BRANCH_DEFINING,YES,ClinicalTrials.gov record / trial protocol / primary publication,https://clinicaltrials.gov/study/NCT01720446; manuscript reference [25],criterion_segment_id=NCT01720446-S003,OBSERVABLE,RIDAGEYR,Valid RIDAGEYR ≥60; missing/invalid unresolved.,,,Alternative OR branch preserved.
SUSTAIN-6,NCT01720446,SUSTAIN6-B3,Age ≥60 with subclinical cardiovascular risk,SUSTAIN-6-SUBCLINICAL,Trial-defined subclinical cardiovascular-risk construct,CORE_BRANCH_DEFINING,YES,ClinicalTrials.gov record / trial protocol / primary publication,https://clinicaltrials.gov/study/NCT01720446; manuscript reference [25],criterion_segment_id=NCT01720446-S003,UNAVAILABLE,NONE,No participant-level value is evaluated; structural unobservability invokes POTENTIAL when all evaluable core criteria are satisfied.,,The subclinical disease/risk construct cannot be reconstructed from the specified variables without inventing criteria.,Alternative OR branch preserved.
EXSCEL,NCT01144338,EXSCEL-B1,Broad T2D cardiovascular-risk spectrum,EXSCEL-AGE18,Age ≥18 years,CORE_NECESSARY,YES,ClinicalTrials.gov record / trial protocol / primary publication,https://clinicaltrials.gov/study/NCT01144338; manuscript reference [24],criterion_segment_id=NCT01144338-S012,OBSERVABLE,RIDAGEYR,Valid RIDAGEYR ≥18; missing/invalid unresolved.,,,Established ASCVD is deliberately not mandatory.
EXSCEL,NCT01144338,EXSCEL-B1,Broad T2D cardiovascular-risk spectrum,EXSCEL-T2D,Diagnosed type 2 diabetes,CORE_NECESSARY,YES,ClinicalTrials.gov record / trial protocol / primary publication,https://clinicaltrials.gov/study/NCT01144338; manuscript reference [24],criterion_segment_id=NCT01144338-S008,PROXY_OBSERVABLE,DIQ010,DIQ010=1; codes 3/7/9/missing unresolved; DIQ010=2 contradicts branch. DIQ010=1 is accepted for DIRECT mapping of the diagnosed-T2D criterion only; DIQ010=2 contradicts it; unresolved codes are INDETERMINATE.,"Self-reported physician diagnosis does not reproduce trial adjudication, diabetes duration, or type confirmation. This is phenotype mapping, not trial-adjudicated diabetes or exact eligibility.",,Established ASCVD is deliberately not mandatory.
HARMONY Outcomes,NCT02465515,HARMONY-B1,Established coronary/cerebrovascular disease,HARMONY Outcomes-AGE40,Age ≥40 years,CORE_NECESSARY,YES,ClinicalTrials.gov record / trial protocol / primary publication,https://clinicaltrials.gov/study/NCT02465515; manuscript reference [26],criterion_segment_id=NCT02465515-S016,OBSERVABLE,RIDAGEYR,Valid RIDAGEYR ≥40; missing/invalid unresolved.,,,Disease alternatives preserved.
HARMONY Outcomes,NCT02465515,HARMONY-B1,Established coronary/cerebrovascular disease,HARMONY Outcomes-T2D,Diagnosed type 2 diabetes,CORE_NECESSARY,YES,ClinicalTrials.gov record / trial protocol / primary publication,https://clinicaltrials.gov/study/NCT02465515; manuscript reference [26],criterion_segment_id=NCT02465515-S004,PROXY_OBSERVABLE,DIQ010,DIQ010=1; codes 3/7/9/missing unresolved; DIQ010=2 contradicts branch. DIQ010=1 is accepted for DIRECT mapping of the diagnosed-T2D criterion only; DIQ010=2 contradicts it; unresolved codes are INDETERMINATE.,"Self-reported physician diagnosis does not reproduce trial adjudication, diabetes duration, or type confirmation. This is phenotype mapping, not trial-adjudicated diabetes or exact eligibility.",,Disease alternatives preserved.
HARMONY Outcomes,NCT02465515,HARMONY-B1,Established coronary/cerebrovascular disease,HARMONY Outcomes-ASCVD,Established coronary or cerebrovascular disease phenotype,CORE_BRANCH_DEFINING,YES,ClinicalTrials.gov record / trial protocol / primary publication,https://clinicaltrials.gov/study/NCT02465515; manuscript reference [26],criterion_segment_id=NCT02465515-S005,PROXY_OBSERVABLE,MCQ160C;MCQ160E;MCQ160F,Three-valued OR: any yes=positive; all no=negative; otherwise unresolved. Any specified CHD/MI/stroke proxy positive is accepted for DIRECT mapping of the coronary/cerebrovascular subbranch only.,"Self-report captures CHD, MI, and stroke but not imaging stenosis, all revascularization constructs, or symptomatic PAD. All-negative proxy contradicts only that subbranch and cannot exclude PAD/PVD or other source-defined CVD residual branches.",,Disease alternatives preserved.
HARMONY Outcomes,NCT02465515,HARMONY-B1-RESIDUAL,Established coronary/cerebrovascular disease not captured by specified proxy,HARMONY Outcomes-AGE40,Age ≥40 years,CORE_NECESSARY,YES,ClinicalTrials.gov record / trial protocol / primary publication,https://clinicaltrials.gov/study/NCT02465515; manuscript reference [26],criterion_segment_id=NCT02465515-S016,OBSERVABLE,RIDAGEYR,Valid RIDAGEYR ≥40; missing/invalid unresolved.,,,Disease alternatives preserved.
HARMONY Outcomes,NCT02465515,HARMONY-B1-RESIDUAL,Established coronary/cerebrovascular disease not captured by specified proxy,HARMONY Outcomes-T2D,Diagnosed type 2 diabetes,CORE_NECESSARY,YES,ClinicalTrials.gov record / trial protocol / primary publication,https://clinicaltrials.gov/study/NCT02465515; manuscript reference [26],criterion_segment_id=NCT02465515-S004,PROXY_OBSERVABLE,DIQ010,DIQ010=1; codes 3/7/9/missing unresolved; DIQ010=2 contradicts branch. DIQ010=1 is accepted for DIRECT mapping of the diagnosed-T2D criterion only; DIQ010=2 contradicts it; unresolved codes are INDETERMINATE.,"Self-reported physician diagnosis does not reproduce trial adjudication, diabetes duration, or type confirmation. This is phenotype mapping, not trial-adjudicated diabetes or exact eligibility.",,Disease alternatives preserved.
HARMONY Outcomes,NCT02465515,HARMONY-B1-RESIDUAL,Established coronary/cerebrovascular disease not captured by specified proxy,HARMONY Outcomes-CVD-RESIDUAL,Coronary/cerebrovascular manifestations outside self-reported CHD/MI/stroke,CORE_BRANCH_DEFINING,YES,ClinicalTrials.gov record / trial protocol / primary publication,https://clinicaltrials.gov/study/NCT02465515; manuscript reference [26],criterion_segment_id=NCT02465515-S005,UNAVAILABLE,NONE,No participant-level value is evaluated; structural unobservability invokes POTENTIAL when all evaluable core criteria are satisfied.,,The source disease categories are broader than the specified self-report proxy; negative proxy cannot exclude them.,source phenotype precedes NHANES observability.
HARMONY Outcomes,NCT02465515,HARMONY-B2,Established peripheral arterial disease,HARMONY Outcomes-AGE40,Age ≥40 years,CORE_NECESSARY,YES,ClinicalTrials.gov record / trial protocol / primary publication,https://clinicaltrials.gov/study/NCT02465515; manuscript reference [26],criterion_segment_id=NCT02465515-S016,OBSERVABLE,RIDAGEYR,Valid RIDAGEYR ≥40; missing/invalid unresolved.,,,Disease alternatives preserved.
HARMONY Outcomes,NCT02465515,HARMONY-B2,Established peripheral arterial disease,HARMONY Outcomes-T2D,Diagnosed type 2 diabetes,CORE_NECESSARY,YES,ClinicalTrials.gov record / trial protocol / primary publication,https://clinicaltrials.gov/study/NCT02465515; manuscript reference [26],criterion_segment_id=NCT02465515-S004,PROXY_OBSERVABLE,DIQ010,DIQ010=1; codes 3/7/9/missing unresolved; DIQ010=2 contradicts branch. DIQ010=1 is accepted for DIRECT mapping of the diagnosed-T2D criterion only; DIQ010=2 contradicts it; unresolved codes are INDETERMINATE.,"Self-reported physician diagnosis does not reproduce trial adjudication, diabetes duration, or type confirmation. This is phenotype mapping, not trial-adjudicated diabetes or exact eligibility.",,Disease alternatives preserved.
HARMONY Outcomes,NCT02465515,HARMONY-B2,Established peripheral arterial disease,HARMONY Outcomes-PAD,Trial-defined peripheral arterial disease,CORE_BRANCH_DEFINING,YES,ClinicalTrials.gov record / trial protocol / primary publication,https://clinicaltrials.gov/study/NCT02465515; manuscript reference [26],criterion_segment_id=NCT02465515-S005,UNAVAILABLE,NONE,No participant-level value is evaluated; structural unobservability invokes POTENTIAL when all evaluable core criteria are satisfied.,,Symptomatic PAD is not specified in NHANES 2017–March 2020.,Disease alternatives preserved.
PIONEER 6,NCT02692716,PIONEER6-B1,Age ≥50 with observable component of cardiovascular disease,PIONEER 6-T2D,Diagnosed type 2 diabetes,CORE_NECESSARY,YES,ClinicalTrials.gov record / trial protocol / primary publication,https://clinicaltrials.gov/study/NCT02692716; manuscript reference [27],criterion_segment_id=NCT02692716-S009,PROXY_OBSERVABLE,DIQ010,DIQ010=1; codes 3/7/9/missing unresolved; DIQ010=2 contradicts branch. DIQ010=1 is accepted for DIRECT mapping of the diagnosed-T2D criterion only; DIQ010=2 contradicts it; unresolved codes are INDETERMINATE.,"Self-reported physician diagnosis does not reproduce trial adjudication, diabetes duration, or type confirmation. This is phenotype mapping, not trial-adjudicated diabetes or exact eligibility.",,Alternative OR branch preserved. this is the observable subbranch; the source-defined residual is retained separately.
PIONEER 6,NCT02692716,PIONEER6-B1,Age ≥50 with observable component of cardiovascular disease,PIONEER 6-AGE50,Age ≥50 years,CORE_BRANCH_DEFINING,YES,ClinicalTrials.gov record / trial protocol / primary publication,https://clinicaltrials.gov/study/NCT02692716; manuscript reference [27],criterion_segment_id=NCT02692716-S001,OBSERVABLE,RIDAGEYR,Valid RIDAGEYR ≥50; missing/invalid unresolved.,,,Alternative OR branch preserved. this is the observable subbranch; the source-defined residual is retained separately.
PIONEER 6,NCT02692716,PIONEER6-B1,Age ≥50 with observable component of cardiovascular disease,PIONEER 6-ASCVD,Established coronary or cerebrovascular disease phenotype,CORE_BRANCH_DEFINING,YES,ClinicalTrials.gov record / trial protocol / primary publication,https://clinicaltrials.gov/study/NCT02692716; manuscript reference [27],criterion_segment_id=NCT02692716-S001,PROXY_OBSERVABLE,MCQ160C;MCQ160E;MCQ160F,Three-valued OR: any yes=positive; all no=negative; otherwise unresolved. Any specified CHD/MI/stroke proxy positive is accepted for DIRECT mapping of the coronary/cerebrovascular subbranch only.,"Self-report captures CHD, MI, and stroke but not imaging stenosis, all revascularization constructs, or symptomatic PAD. All-negative proxy contradicts only that subbranch and cannot exclude PAD/PVD or other source-defined CVD residual branches.",,Alternative OR branch preserved. this is the observable subbranch; the source-defined residual is retained separately.
PIONEER 6,NCT02692716,PIONEER6-B1-RESIDUAL,Age ≥50 with residual source-defined cardiovascular disease,PIONEER 6-T2D,Diagnosed type 2 diabetes,CORE_NECESSARY,YES,ClinicalTrials.gov record / trial protocol / primary publication,https://clinicaltrials.gov/study/NCT02692716; manuscript reference [27],criterion_segment_id=NCT02692716-S009,PROXY_OBSERVABLE,DIQ010,DIQ010=1; codes 3/7/9/missing unresolved; DIQ010=2 contradicts branch. DIQ010=1 is accepted for DIRECT mapping of the diagnosed-T2D criterion only; DIQ010=2 contradicts it; unresolved codes are INDETERMINATE.,"Self-reported physician diagnosis does not reproduce trial adjudication, diabetes duration, or type confirmation. This is phenotype mapping, not trial-adjudicated diabetes or exact eligibility.",,Alternative OR branch preserved. this is the observable subbranch; the source-defined residual is retained separately.
PIONEER 6,NCT02692716,PIONEER6-B1-RESIDUAL,Age ≥50 with residual source-defined cardiovascular disease,PIONEER 6-AGE50,Age ≥50 years,CORE_BRANCH_DEFINING,YES,ClinicalTrials.gov record / trial protocol / primary publication,https://clinicaltrials.gov/study/NCT02692716; manuscript reference [27],criterion_segment_id=NCT02692716-S001,OBSERVABLE,RIDAGEYR,Valid RIDAGEYR ≥50; missing/invalid unresolved.,,,Alternative OR branch preserved. this is the observable subbranch; the source-defined residual is retained separately.
PIONEER 6,NCT02692716,PIONEER6-B1-RESIDUAL,Age ≥50 with residual source-defined cardiovascular disease,PIONEER 6-CVD-RESIDUAL,Cardiovascular disease outside the specified CHD/MI/stroke proxy,CORE_BRANCH_DEFINING,YES,ClinicalTrials.gov record / trial protocol / primary publication,https://clinicaltrials.gov/study/NCT02692716; manuscript reference [27],criterion_segment_id=NCT02692716-S001,UNAVAILABLE,NONE,No participant-level value is evaluated; structural unobservability invokes POTENTIAL when all evaluable core criteria are satisfied.,,The source uses broad cardiovascular disease; residual manifestations are structurally unavailable.,source phenotype precedes NHANES observability.
PIONEER 6,NCT02692716,PIONEER6-B2,Age ≥50 with trial-defined CKD,PIONEER 6-T2D,Diagnosed type 2 diabetes,CORE_NECESSARY,YES,ClinicalTrials.gov record / trial protocol / primary publication,https://clinicaltrials.gov/study/NCT02692716; manuscript reference [27],criterion_segment_id=NCT02692716-S009,PROXY_OBSERVABLE,DIQ010,DIQ010=1; codes 3/7/9/missing unresolved; DIQ010=2 contradicts branch. DIQ010=1 is accepted for DIRECT mapping of the diagnosed-T2D criterion only; DIQ010=2 contradicts it; unresolved codes are INDETERMINATE.,"Self-reported physician diagnosis does not reproduce trial adjudication, diabetes duration, or type confirmation. This is phenotype mapping, not trial-adjudicated diabetes or exact eligibility.",,Alternative OR branch preserved.
PIONEER 6,NCT02692716,PIONEER6-B2,Age ≥50 with trial-defined CKD,PIONEER 6-AGE50,Age ≥50 years,CORE_BRANCH_DEFINING,YES,ClinicalTrials.gov record / trial protocol / primary publication,https://clinicaltrials.gov/study/NCT02692716; manuscript reference [27],criterion_segment_id=NCT02692716-S001,OBSERVABLE,RIDAGEYR,Valid RIDAGEYR ≥50; missing/invalid unresolved.,,,Alternative OR branch preserved.
PIONEER 6,NCT02692716,PIONEER6-B2,Age ≥50 with trial-defined CKD,PIONEER 6-CKD,Trial-defined CKD qualification,CORE_BRANCH_DEFINING,YES,ClinicalTrials.gov record / trial protocol / primary publication,https://clinicaltrials.gov/study/NCT02692716; manuscript reference [27],ClinicalTrials.gov NCT02692716; CKD qualifying branch,UNAVAILABLE,NONE,No participant-level value is evaluated; structural unobservability invokes POTENTIAL when all evaluable core criteria are satisfied.,,The trial documentation identifies CKD qualification but does not provide a sufficiently specific threshold for reproducible participant-level mapping.,Alternative OR branch preserved.
PIONEER 6,NCT02692716,PIONEER6-B3,Age ≥60 with cardiovascular risk factor,PIONEER 6-T2D,Diagnosed type 2 diabetes,CORE_NECESSARY,YES,ClinicalTrials.gov record / trial protocol / primary publication,https://clinicaltrials.gov/study/NCT02692716; manuscript reference [27],criterion_segment_id=NCT02692716-S009,PROXY_OBSERVABLE,DIQ010,DIQ010=1; codes 3/7/9/missing unresolved; DIQ010=2 contradicts branch. DIQ010=1 is accepted for DIRECT mapping of the diagnosed-T2D criterion only; DIQ010=2 contradicts it; unresolved codes are INDETERMINATE.,"Self-reported physician diagnosis does not reproduce trial adjudication, diabetes duration, or type confirmation. This is phenotype mapping, not trial-adjudicated diabetes or exact eligibility.",,Alternative OR branch preserved.
PIONEER 6,NCT02692716,PIONEER6-B3,Age ≥60 with cardiovascular risk factor,PIONEER 6-AGE60,Age ≥60 years,CORE_BRANCH_DEFINING,YES,ClinicalTrials.gov record / trial protocol / primary publication,https://clinicaltrials.gov/study/NCT02692716; manuscript reference [27],criterion_segment_id=NCT02692716-S001,OBSERVABLE,RIDAGEYR,Valid RIDAGEYR ≥60; missing/invalid unresolved.,,,Alternative OR branch preserved.
PIONEER 6,NCT02692716,PIONEER6-B3,Age ≥60 with cardiovascular risk factor,PIONEER 6-RISK,At least one trial-defined cardiovascular risk factor,CORE_BRANCH_DEFINING,YES,ClinicalTrials.gov record / trial protocol / primary publication,https://clinicaltrials.gov/study/NCT02692716; manuscript reference [27],criterion_segment_id=NCT02692716-S001,UNAVAILABLE,NONE,No participant-level value is evaluated; structural unobservability invokes POTENTIAL when all evaluable core criteria are satisfied.,,The exact risk-factor construct is not specified sufficiently for participant-level adjudication.,Alternative OR branch preserved.
REWIND,NCT01394952,REWIND-B1,Age ≥50 with observable component of established clinical vascular disease,REWIND-T2D,Diagnosed type 2 diabetes,CORE_NECESSARY,YES,ClinicalTrials.gov record / trial protocol / primary publication,https://clinicaltrials.gov/study/NCT01394952; manuscript reference [2],criterion_segment_id=NCT01394952-S010,PROXY_OBSERVABLE,DIQ010,DIQ010=1; codes 3/7/9/missing unresolved; DIQ010=2 contradicts branch. DIQ010=1 is accepted for DIRECT mapping of the diagnosed-T2D criterion only; DIQ010=2 contradicts it; unresolved codes are INDETERMINATE.,"Self-reported physician diagnosis does not reproduce trial adjudication, diabetes duration, or type confirmation. This is phenotype mapping, not trial-adjudicated diabetes or exact eligibility.",,Age-stratified OR branches preserved from the exact AACT segment. this is the observable subbranch; the source-defined residual is retained separately.
REWIND,NCT01394952,REWIND-B1,Age ≥50 with observable component of established clinical vascular disease,REWIND-AGE50,Age ≥50 years,CORE_BRANCH_DEFINING,YES,ClinicalTrials.gov record / trial protocol / primary publication,https://clinicaltrials.gov/study/NCT01394952; manuscript reference [2],criterion_segment_id=NCT01394952-S002,OBSERVABLE,RIDAGEYR,Valid RIDAGEYR ≥50; missing/invalid unresolved.,,,Age-stratified OR branches preserved from the exact AACT segment. this is the observable subbranch; the source-defined residual is retained separately.
REWIND,NCT01394952,REWIND-B1,Age ≥50 with observable component of established clinical vascular disease,REWIND-ASCVD,Established coronary or cerebrovascular disease phenotype,CORE_BRANCH_DEFINING,YES,ClinicalTrials.gov record / trial protocol / primary publication,https://clinicaltrials.gov/study/NCT01394952; manuscript reference [2],criterion_segment_id=NCT01394952-S002,PROXY_OBSERVABLE,MCQ160C;MCQ160E;MCQ160F,Three-valued OR: any yes=positive; all no=negative; otherwise unresolved. Any specified CHD/MI/stroke proxy positive is accepted for DIRECT mapping of the coronary/cerebrovascular subbranch only.,"Self-report captures CHD, MI, and stroke but not imaging stenosis, all revascularization constructs, or symptomatic PAD. All-negative proxy contradicts only that subbranch and cannot exclude PAD/PVD or other source-defined CVD residual branches.",,Age-stratified OR branches preserved from the exact AACT segment. this is the observable subbranch; the source-defined residual is retained separately.
REWIND,NCT01394952,REWIND-B1-RESIDUAL,Age ≥50 with residual established clinical vascular disease,REWIND-T2D,Diagnosed type 2 diabetes,CORE_NECESSARY,YES,ClinicalTrials.gov record / trial protocol / primary publication,https://clinicaltrials.gov/study/NCT01394952; manuscript reference [2],criterion_segment_id=NCT01394952-S010,PROXY_OBSERVABLE,DIQ010,DIQ010=1; codes 3/7/9/missing unresolved; DIQ010=2 contradicts branch. DIQ010=1 is accepted for DIRECT mapping of the diagnosed-T2D criterion only; DIQ010=2 contradicts it; unresolved codes are INDETERMINATE.,"Self-reported physician diagnosis does not reproduce trial adjudication, diabetes duration, or type confirmation. This is phenotype mapping, not trial-adjudicated diabetes or exact eligibility.",,Age-stratified OR branches preserved from the exact AACT segment. this is the observable subbranch; the source-defined residual is retained separately.
REWIND,NCT01394952,REWIND-B1-RESIDUAL,Age ≥50 with residual established clinical vascular disease,REWIND-AGE50,Age ≥50 years,CORE_BRANCH_DEFINING,YES,ClinicalTrials.gov record / trial protocol / primary publication,https://clinicaltrials.gov/study/NCT01394952; manuscript reference [2],criterion_segment_id=NCT01394952-S002,OBSERVABLE,RIDAGEYR,Valid RIDAGEYR ≥50; missing/invalid unresolved.,,,Age-stratified OR branches preserved from the exact AACT segment. this is the observable subbranch; the source-defined residual is retained separately.
REWIND,NCT01394952,REWIND-B1-RESIDUAL,Age ≥50 with residual established clinical vascular disease,REWIND-CVD-RESIDUAL,Established clinical vascular disease outside the specified CHD/MI/stroke proxy,CORE_BRANCH_DEFINING,YES,ClinicalTrials.gov record / trial protocol / primary publication,https://clinicaltrials.gov/study/NCT01394952; manuscript reference [2],criterion_segment_id=NCT01394952-S002,UNAVAILABLE,NONE,No participant-level value is evaluated; structural unobservability invokes POTENTIAL when all evaluable core criteria are satisfied.,,The source uses established clinical vascular disease; residual manifestations are structurally unavailable.,source phenotype precedes NHANES observability.
REWIND,NCT01394952,REWIND-B2,Age ≥55 with subclinical vascular disease,REWIND-T2D,Diagnosed type 2 diabetes,CORE_NECESSARY,YES,ClinicalTrials.gov record / trial protocol / primary publication,https://clinicaltrials.gov/study/NCT01394952; manuscript reference [2],criterion_segment_id=NCT01394952-S010,PROXY_OBSERVABLE,DIQ010,DIQ010=1; codes 3/7/9/missing unresolved; DIQ010=2 contradicts branch. DIQ010=1 is accepted for DIRECT mapping of the diagnosed-T2D criterion only; DIQ010=2 contradicts it; unresolved codes are INDETERMINATE.,"Self-reported physician diagnosis does not reproduce trial adjudication, diabetes duration, or type confirmation. This is phenotype mapping, not trial-adjudicated diabetes or exact eligibility.",,Age-stratified OR branches preserved from the exact AACT segment.
REWIND,NCT01394952,REWIND-B2,Age ≥55 with subclinical vascular disease,REWIND-AGE55,Age ≥55 years,CORE_BRANCH_DEFINING,YES,ClinicalTrials.gov record / trial protocol / primary publication,https://clinicaltrials.gov/study/NCT01394952; manuscript reference [2],criterion_segment_id=NCT01394952-S002,OBSERVABLE,RIDAGEYR,Valid RIDAGEYR ≥55; missing/invalid unresolved.,,,Age-stratified OR branches preserved from the exact AACT segment.
REWIND,NCT01394952,REWIND-B2,Age ≥55 with subclinical vascular disease,REWIND-SUBCLINICAL,Trial-defined subclinical vascular disease,CORE_BRANCH_DEFINING,YES,ClinicalTrials.gov record / trial protocol / primary publication,https://clinicaltrials.gov/study/NCT01394952; manuscript reference [2],criterion_segment_id=NCT01394952-S002,UNAVAILABLE,NONE,No participant-level value is evaluated; structural unobservability invokes POTENTIAL when all evaluable core criteria are satisfied.,,The subclinical vascular construct is not reproducibly represented by the specified variables.,Age-stratified OR branches preserved from the exact AACT segment.
REWIND,NCT01394952,REWIND-B3,Age ≥60 with at least two cardiovascular risk factors,REWIND-T2D,Diagnosed type 2 diabetes,CORE_NECESSARY,YES,ClinicalTrials.gov record / trial protocol / primary publication,https://clinicaltrials.gov/study/NCT01394952; manuscript reference [2],criterion_segment_id=NCT01394952-S010,PROXY_OBSERVABLE,DIQ010,DIQ010=1; codes 3/7/9/missing unresolved; DIQ010=2 contradicts branch. DIQ010=1 is accepted for DIRECT mapping of the diagnosed-T2D criterion only; DIQ010=2 contradicts it; unresolved codes are INDETERMINATE.,"Self-reported physician diagnosis does not reproduce trial adjudication, diabetes duration, or type confirmation. This is phenotype mapping, not trial-adjudicated diabetes or exact eligibility.",,Age-stratified OR branches preserved from the exact AACT segment.
REWIND,NCT01394952,REWIND-B3,Age ≥60 with at least two cardiovascular risk factors,REWIND-AGE60,Age ≥60 years,CORE_BRANCH_DEFINING,YES,ClinicalTrials.gov record / trial protocol / primary publication,https://clinicaltrials.gov/study/NCT01394952; manuscript reference [2],criterion_segment_id=NCT01394952-S002,OBSERVABLE,RIDAGEYR,Valid RIDAGEYR ≥60; missing/invalid unresolved.,,,Age-stratified OR branches preserved from the exact AACT segment.
REWIND,NCT01394952,REWIND-B3,Age ≥60 with at least two cardiovascular risk factors,REWIND-RISK2,At least two trial-defined cardiovascular risk factors,CORE_BRANCH_DEFINING,YES,ClinicalTrials.gov record / trial protocol / primary publication,https://clinicaltrials.gov/study/NCT01394952; manuscript reference [2],criterion_segment_id=NCT01394952-S002,UNAVAILABLE,NONE,No participant-level value is evaluated; structural unobservability invokes POTENTIAL when all evaluable core criteria are satisfied.,,The exact multivariable risk-factor set is not specified sufficiently for deterministic adjudication.,Age-stratified OR branches preserved from the exact AACT segment.
AMPLITUDE-O,NCT03496298,AMPLITUDEO-B1,Age ≥18 with observable component of cardiovascular disease,AMPLITUDE-O-T2D,Diagnosed type 2 diabetes,CORE_NECESSARY,YES,ClinicalTrials.gov record / trial protocol / primary publication,https://clinicaltrials.gov/study/NCT03496298; manuscript reference [28],criterion_segment_id=NCT03496298-S013,PROXY_OBSERVABLE,DIQ010,DIQ010=1; codes 3/7/9/missing unresolved; DIQ010=2 contradicts branch. DIQ010=1 is accepted for DIRECT mapping of the diagnosed-T2D criterion only; DIQ010=2 contradicts it; unresolved codes are INDETERMINATE.,"Self-reported physician diagnosis does not reproduce trial adjudication, diabetes duration, or type confirmation. This is phenotype mapping, not trial-adjudicated diabetes or exact eligibility.",,Established-disease branch. this is the observable subbranch; the source-defined residual is retained separately.
AMPLITUDE-O,NCT03496298,AMPLITUDEO-B1,Age ≥18 with observable component of cardiovascular disease,AMPLITUDE-O-AGE18,Age ≥18 years,CORE_BRANCH_DEFINING,YES,ClinicalTrials.gov record / trial protocol / primary publication,https://clinicaltrials.gov/study/NCT03496298; manuscript reference [28],criterion_segment_id=NCT03496298-S001,OBSERVABLE,RIDAGEYR,Valid RIDAGEYR ≥18; missing/invalid unresolved.,,,Established-disease branch. this is the observable subbranch; the source-defined residual is retained separately.
AMPLITUDE-O,NCT03496298,AMPLITUDEO-B1,Age ≥18 with observable component of cardiovascular disease,AMPLITUDE-O-ASCVD,Established coronary or cerebrovascular disease phenotype,CORE_BRANCH_DEFINING,YES,ClinicalTrials.gov record / trial protocol / primary publication,https://clinicaltrials.gov/study/NCT03496298; manuscript reference [28],criterion_segment_id=NCT03496298-S001,PROXY_OBSERVABLE,MCQ160C;MCQ160E;MCQ160F,Three-valued OR: any yes=positive; all no=negative; otherwise unresolved. Any specified CHD/MI/stroke proxy positive is accepted for DIRECT mapping of the coronary/cerebrovascular subbranch only.,"Self-report captures CHD, MI, and stroke but not imaging stenosis, all revascularization constructs, or symptomatic PAD. All-negative proxy contradicts only that subbranch and cannot exclude PAD/PVD or other source-defined CVD residual branches.",,Established-disease branch. this is the observable subbranch; the source-defined residual is retained separately.
AMPLITUDE-O,NCT03496298,AMPLITUDEO-B1-RESIDUAL,Age ≥18 with residual source-defined cardiovascular disease,AMPLITUDE-O-T2D,Diagnosed type 2 diabetes,CORE_NECESSARY,YES,ClinicalTrials.gov record / trial protocol / primary publication,https://clinicaltrials.gov/study/NCT03496298; manuscript reference [28],criterion_segment_id=NCT03496298-S013,PROXY_OBSERVABLE,DIQ010,DIQ010=1; codes 3/7/9/missing unresolved; DIQ010=2 contradicts branch. DIQ010=1 is accepted for DIRECT mapping of the diagnosed-T2D criterion only; DIQ010=2 contradicts it; unresolved codes are INDETERMINATE.,"Self-reported physician diagnosis does not reproduce trial adjudication, diabetes duration, or type confirmation. This is phenotype mapping, not trial-adjudicated diabetes or exact eligibility.",,Established-disease branch. this is the observable subbranch; the source-defined residual is retained separately.
AMPLITUDE-O,NCT03496298,AMPLITUDEO-B1-RESIDUAL,Age ≥18 with residual source-defined cardiovascular disease,AMPLITUDE-O-AGE18,Age ≥18 years,CORE_BRANCH_DEFINING,YES,ClinicalTrials.gov record / trial protocol / primary publication,https://clinicaltrials.gov/study/NCT03496298; manuscript reference [28],criterion_segment_id=NCT03496298-S001,OBSERVABLE,RIDAGEYR,Valid RIDAGEYR ≥18; missing/invalid unresolved.,,,Established-disease branch. this is the observable subbranch; the source-defined residual is retained separately.
AMPLITUDE-O,NCT03496298,AMPLITUDEO-B1-RESIDUAL,Age ≥18 with residual source-defined cardiovascular disease,AMPLITUDE-O-CVD-RESIDUAL,Cardiovascular disease criteria outside the specified CHD/MI/stroke proxy,CORE_BRANCH_DEFINING,YES,ClinicalTrials.gov record / trial protocol / primary publication,https://clinicaltrials.gov/study/NCT03496298; manuscript reference [28],criterion_segment_id=NCT03496298-S001,UNAVAILABLE,NONE,No participant-level value is evaluated; structural unobservability invokes POTENTIAL when all evaluable core criteria are satisfied.,,The source refers to at least one cardiovascular-disease criterion without a specified complete component reconstruction.,source phenotype precedes NHANES observability.
AMPLITUDE-O,NCT03496298,AMPLITUDEO-B2,Sex-specific age with eGFR 25–<60 and cardiovascular risk factor,AMPLITUDE-O-T2D,Diagnosed type 2 diabetes,CORE_NECESSARY,YES,ClinicalTrials.gov record / trial protocol / primary publication,https://clinicaltrials.gov/study/NCT03496298; manuscript reference [28],criterion_segment_id=NCT03496298-S013,PROXY_OBSERVABLE,DIQ010,DIQ010=1; codes 3/7/9/missing unresolved; DIQ010=2 contradicts branch. DIQ010=1 is accepted for DIRECT mapping of the diagnosed-T2D criterion only; DIQ010=2 contradicts it; unresolved codes are INDETERMINATE.,"Self-reported physician diagnosis does not reproduce trial adjudication, diabetes duration, or type confirmation. This is phenotype mapping, not trial-adjudicated diabetes or exact eligibility.",,CKD-plus-risk alternative branch preserved.
AMPLITUDE-O,NCT03496298,AMPLITUDEO-B2,Sex-specific age with eGFR 25–<60 and cardiovascular risk factor,AMPLITUDE-O-EGFR,eGFR ≥25 and <60 mL/min/1.73 m²,CORE_BRANCH_DEFINING,YES,ClinicalTrials.gov record / trial protocol / primary publication,https://clinicaltrials.gov/study/NCT03496298; manuscript reference [28],criterion_segment_id=NCT03496298-S001,PROXY_OBSERVABLE,RIDAGEYR;RIAGENDR;LBXSCR;DERIVED_EGFR_2021_CKDEPI_CR,Valid 2021 CKD-EPI eGFR ≥25 and <60. A valid prespecified 2021 CKD-EPI eGFR satisfying the explicit branch threshold is accepted for DIRECT mapping of that renal subbranch.,"Trial equation/measurement timing is not exactly reproduced. The trial equation, specimen timing, and medical-record recency are not reproduced; no threshold is invented where the source did not freeze one.",,CKD-plus-risk alternative branch preserved.
AMPLITUDE-O,NCT03496298,AMPLITUDEO-B2,Sex-specific age with eGFR 25–<60 and cardiovascular risk factor,AMPLITUDE-O-RISK,At least one trial-defined cardiovascular risk factor,CORE_BRANCH_DEFINING,YES,ClinicalTrials.gov record / trial protocol / primary publication,https://clinicaltrials.gov/study/NCT03496298; manuscript reference [28],criterion_segment_id=NCT03496298-S001,UNAVAILABLE,NONE,No participant-level value is evaluated; structural unobservability invokes POTENTIAL when all evaluable core criteria are satisfied.,,The exact risk-factor construct is not specified sufficiently for deterministic adjudication.,CKD-plus-risk alternative branch preserved.
AMPLITUDE-O,NCT03496298,AMPLITUDEO-B2,Sex-specific age with eGFR 25–<60 and cardiovascular risk factor,AMPLITUDE-O-SEXAGE,Male age ≥50 or female age ≥55,CORE_BRANCH_DEFINING,YES,ClinicalTrials.gov record / trial protocol / primary publication,https://clinicaltrials.gov/study/NCT03496298; manuscript reference [28],criterion_segment_id=NCT03496298-S001,OBSERVABLE,RIAGENDR;RIDAGEYR,"RIAGENDR=1 and age≥50, or RIAGENDR=2 and age≥55; missing sex/age unresolved.",,,CKD-plus-risk alternative branch preserved.
SOUL,NCT03914326,SOUL-B1,Established coronary/cerebrovascular disease,SOUL-AGE50,Age ≥50 years,CORE_NECESSARY,YES,ClinicalTrials.gov record / trial protocol / primary publication,https://clinicaltrials.gov/study/NCT03914326; manuscript reference [4],criterion_segment_id=NCT03914326-S011,OBSERVABLE,RIDAGEYR,Valid RIDAGEYR ≥50; missing/invalid unresolved.,,,Observable established-disease branch.
SOUL,NCT03914326,SOUL-B1,Established coronary/cerebrovascular disease,SOUL-T2D,Diagnosed type 2 diabetes,CORE_NECESSARY,YES,ClinicalTrials.gov record / trial protocol / primary publication,https://clinicaltrials.gov/study/NCT03914326; manuscript reference [4],criterion_segment_id=NCT03914326-S004,PROXY_OBSERVABLE,DIQ010,DIQ010=1; codes 3/7/9/missing unresolved; DIQ010=2 contradicts branch. DIQ010=1 is accepted for DIRECT mapping of the diagnosed-T2D criterion only; DIQ010=2 contradicts it; unresolved codes are INDETERMINATE.,"Self-reported physician diagnosis does not reproduce trial adjudication, diabetes duration, or type confirmation. This is phenotype mapping, not trial-adjudicated diabetes or exact eligibility.",,Observable established-disease branch.
SOUL,NCT03914326,SOUL-B1,Established coronary/cerebrovascular disease,SOUL-ASCVD,Established coronary or cerebrovascular disease phenotype,CORE_BRANCH_DEFINING,YES,ClinicalTrials.gov record / trial protocol / primary publication,https://clinicaltrials.gov/study/NCT03914326; manuscript reference [4],criterion_segment_id=NCT03914326-S010,PROXY_OBSERVABLE,MCQ160C;MCQ160E;MCQ160F,Three-valued OR: any yes=positive; all no=negative; otherwise unresolved. Any specified CHD/MI/stroke proxy positive is accepted for DIRECT mapping of the coronary/cerebrovascular subbranch only.,"Self-report captures CHD, MI, and stroke but not imaging stenosis, all revascularization constructs, or symptomatic PAD. All-negative proxy contradicts only that subbranch and cannot exclude PAD/PVD or other source-defined CVD residual branches.",,Observable established-disease branch.
SOUL,NCT03914326,SOUL-B1-RESIDUAL,Established coronary/cerebrovascular disease not captured by specified proxy,SOUL-AGE50,Age ≥50 years,CORE_NECESSARY,YES,ClinicalTrials.gov record / trial protocol / primary publication,https://clinicaltrials.gov/study/NCT03914326; manuscript reference [4],criterion_segment_id=NCT03914326-S011,OBSERVABLE,RIDAGEYR,Valid RIDAGEYR ≥50; missing/invalid unresolved.,,,Observable established-disease branch.
SOUL,NCT03914326,SOUL-B1-RESIDUAL,Established coronary/cerebrovascular disease not captured by specified proxy,SOUL-T2D,Diagnosed type 2 diabetes,CORE_NECESSARY,YES,ClinicalTrials.gov record / trial protocol / primary publication,https://clinicaltrials.gov/study/NCT03914326; manuscript reference [4],criterion_segment_id=NCT03914326-S004,PROXY_OBSERVABLE,DIQ010,DIQ010=1; codes 3/7/9/missing unresolved; DIQ010=2 contradicts branch. DIQ010=1 is accepted for DIRECT mapping of the diagnosed-T2D criterion only; DIQ010=2 contradicts it; unresolved codes are INDETERMINATE.,"Self-reported physician diagnosis does not reproduce trial adjudication, diabetes duration, or type confirmation. This is phenotype mapping, not trial-adjudicated diabetes or exact eligibility.",,Observable established-disease branch.
SOUL,NCT03914326,SOUL-B1-RESIDUAL,Established coronary/cerebrovascular disease not captured by specified proxy,SOUL-CVD-RESIDUAL,"Source-defined revascularization, stenosis, or ischemia manifestations outside the specified proxy",CORE_BRANCH_DEFINING,YES,ClinicalTrials.gov record / trial protocol / primary publication,https://clinicaltrials.gov/study/NCT03914326; manuscript reference [4],criterion_segment_id=NCT03914326-S010,UNAVAILABLE,NONE,No participant-level value is evaluated; structural unobservability invokes POTENTIAL when all evaluable core criteria are satisfied.,,"The exact source includes revascularization, stenosis, and imaging/stress-test constructs not specified in NHANES.",source phenotype precedes NHANES observability.
SOUL,NCT03914326,SOUL-B2,Established peripheral arterial disease,SOUL-AGE50,Age ≥50 years,CORE_NECESSARY,YES,ClinicalTrials.gov record / trial protocol / primary publication,https://clinicaltrials.gov/study/NCT03914326; manuscript reference [4],criterion_segment_id=NCT03914326-S011,OBSERVABLE,RIDAGEYR,Valid RIDAGEYR ≥50; missing/invalid unresolved.,,,PAD alternative branch.
SOUL,NCT03914326,SOUL-B2,Established peripheral arterial disease,SOUL-T2D,Diagnosed type 2 diabetes,CORE_NECESSARY,YES,ClinicalTrials.gov record / trial protocol / primary publication,https://clinicaltrials.gov/study/NCT03914326; manuscript reference [4],criterion_segment_id=NCT03914326-S004,PROXY_OBSERVABLE,DIQ010,DIQ010=1; codes 3/7/9/missing unresolved; DIQ010=2 contradicts branch. DIQ010=1 is accepted for DIRECT mapping of the diagnosed-T2D criterion only; DIQ010=2 contradicts it; unresolved codes are INDETERMINATE.,"Self-reported physician diagnosis does not reproduce trial adjudication, diabetes duration, or type confirmation. This is phenotype mapping, not trial-adjudicated diabetes or exact eligibility.",,PAD alternative branch.
SOUL,NCT03914326,SOUL-B2,Established peripheral arterial disease,SOUL-PAD,Trial-defined symptomatic peripheral arterial disease,CORE_BRANCH_DEFINING,YES,ClinicalTrials.gov record / trial protocol / primary publication,https://clinicaltrials.gov/study/NCT03914326; manuscript reference [4],criterion_segment_id=NCT03914326-S010,UNAVAILABLE,NONE,No participant-level value is evaluated; structural unobservability invokes POTENTIAL when all evaluable core criteria are satisfied.,,Symptomatic PAD is not specified in NHANES 2017–March 2020.,PAD alternative branch.
SOUL,NCT03914326,SOUL-B3,Chronic kidney disease,SOUL-AGE50,Age ≥50 years,CORE_NECESSARY,YES,ClinicalTrials.gov record / trial protocol / primary publication,https://clinicaltrials.gov/study/NCT03914326; manuscript reference [4],criterion_segment_id=NCT03914326-S011,OBSERVABLE,RIDAGEYR,Valid RIDAGEYR ≥50; missing/invalid unresolved.,,,CKD alternative branch.
SOUL,NCT03914326,SOUL-B3,Chronic kidney disease,SOUL-T2D,Diagnosed type 2 diabetes,CORE_NECESSARY,YES,ClinicalTrials.gov record / trial protocol / primary publication,https://clinicaltrials.gov/study/NCT03914326; manuscript reference [4],criterion_segment_id=NCT03914326-S004,PROXY_OBSERVABLE,DIQ010,DIQ010=1; codes 3/7/9/missing unresolved; DIQ010=2 contradicts branch. DIQ010=1 is accepted for DIRECT mapping of the diagnosed-T2D criterion only; DIQ010=2 contradicts it; unresolved codes are INDETERMINATE.,"Self-reported physician diagnosis does not reproduce trial adjudication, diabetes duration, or type confirmation. This is phenotype mapping, not trial-adjudicated diabetes or exact eligibility.",,CKD alternative branch.
SOUL,NCT03914326,SOUL-B3,Chronic kidney disease,SOUL-EGFR,eGFR <60 mL/min/1.73 m²,CORE_BRANCH_DEFINING,YES,ClinicalTrials.gov record / trial protocol / primary publication,https://clinicaltrials.gov/study/NCT03914326; manuscript reference [4],criterion_segment_id=NCT03914326-S010,PROXY_OBSERVABLE,RIDAGEYR;RIAGENDR;LBXSCR;DERIVED_EGFR_2021_CKDEPI_CR,Valid 2021 CKD-EPI eGFR <60. A valid prespecified 2021 CKD-EPI eGFR satisfying the explicit branch threshold is accepted for DIRECT mapping of that renal subbranch.,"Medical-record timing and the trial's exact equation are not reproduced. The trial equation, specimen timing, and medical-record recency are not reproduced; no threshold is invented where the source did not freeze one.",,CKD alternative branch.
SURPASS-CVOT,NCT04255433,SURPASSCVOT-B1,Established coronary/cerebrovascular disease,SURPASS-CVOT-AGE40,Age ≥40 years,CORE_NECESSARY,YES,ClinicalTrials.gov record / trial protocol / primary publication,https://clinicaltrials.gov/study/NCT04255433; manuscript reference [5],criterion_segment_id=NCT04255433-S043,OBSERVABLE,RIDAGEYR,Valid RIDAGEYR ≥40; missing/invalid unresolved.,,,Established ASCVD branch is not broadened.
SURPASS-CVOT,NCT04255433,SURPASSCVOT-B1,Established coronary/cerebrovascular disease,SURPASS-CVOT-BMI25,BMI ≥25 kg/m²,CORE_NECESSARY,YES,ClinicalTrials.gov record / trial protocol / primary publication,https://clinicaltrials.gov/study/NCT04255433; manuscript reference [5],criterion_segment_id=NCT04255433-S005,OBSERVABLE,BMXBMI,Valid BMXBMI ≥25; missing/out-of-range unresolved.,,,Established ASCVD branch is not broadened.
SURPASS-CVOT,NCT04255433,SURPASSCVOT-B1,Established coronary/cerebrovascular disease,SURPASS-CVOT-T2D,Diagnosed type 2 diabetes,CORE_NECESSARY,YES,ClinicalTrials.gov record / trial protocol / primary publication,https://clinicaltrials.gov/study/NCT04255433; manuscript reference [5],criterion_segment_id=NCT04255433-S043,PROXY_OBSERVABLE,DIQ010,DIQ010=1; codes 3/7/9/missing unresolved; DIQ010=2 contradicts branch. DIQ010=1 is accepted for DIRECT mapping of the diagnosed-T2D criterion only; DIQ010=2 contradicts it; unresolved codes are INDETERMINATE.,"Self-reported physician diagnosis does not reproduce trial adjudication, diabetes duration, or type confirmation. This is phenotype mapping, not trial-adjudicated diabetes or exact eligibility.",,Established ASCVD branch is not broadened.
SURPASS-CVOT,NCT04255433,SURPASSCVOT-B1,Established coronary/cerebrovascular disease,SURPASS-CVOT-ASCVD,Established coronary or cerebrovascular disease phenotype,CORE_BRANCH_DEFINING,YES,ClinicalTrials.gov record / trial protocol / primary publication,https://clinicaltrials.gov/study/NCT04255433; manuscript reference [5],criterion_segment_id=NCT04255433-S009/S010/S012/S013/S014,PROXY_OBSERVABLE,MCQ160C;MCQ160E;MCQ160F,Three-valued OR: any yes=positive; all no=negative; otherwise unresolved. Any specified CHD/MI/stroke proxy positive is accepted for DIRECT mapping of the coronary/cerebrovascular subbranch only.,"Self-report captures CHD, MI, and stroke but not imaging stenosis, all revascularization constructs, or symptomatic PAD. All-negative proxy contradicts only that subbranch and cannot exclude PAD/PVD or other source-defined CVD residual branches.",,Established ASCVD branch is not broadened.
SURPASS-CVOT,NCT04255433,SURPASSCVOT-B1-RESIDUAL,Established coronary/cerebrovascular disease not captured by specified proxy,SURPASS-CVOT-AGE40,Age ≥40 years,CORE_NECESSARY,YES,ClinicalTrials.gov record / trial protocol / primary publication,https://clinicaltrials.gov/study/NCT04255433; manuscript reference [5],criterion_segment_id=NCT04255433-S043,OBSERVABLE,RIDAGEYR,Valid RIDAGEYR ≥40; missing/invalid unresolved.,,,Established ASCVD branch is not broadened.
SURPASS-CVOT,NCT04255433,SURPASSCVOT-B1-RESIDUAL,Established coronary/cerebrovascular disease not captured by specified proxy,SURPASS-CVOT-BMI25,BMI ≥25 kg/m²,CORE_NECESSARY,YES,ClinicalTrials.gov record / trial protocol / primary publication,https://clinicaltrials.gov/study/NCT04255433; manuscript reference [5],criterion_segment_id=NCT04255433-S005,OBSERVABLE,BMXBMI,Valid BMXBMI ≥25; missing/out-of-range unresolved.,,,Established ASCVD branch is not broadened.
SURPASS-CVOT,NCT04255433,SURPASSCVOT-B1-RESIDUAL,Established coronary/cerebrovascular disease not captured by specified proxy,SURPASS-CVOT-T2D,Diagnosed type 2 diabetes,CORE_NECESSARY,YES,ClinicalTrials.gov record / trial protocol / primary publication,https://clinicaltrials.gov/study/NCT04255433; manuscript reference [5],criterion_segment_id=NCT04255433-S043,PROXY_OBSERVABLE,DIQ010,DIQ010=1; codes 3/7/9/missing unresolved; DIQ010=2 contradicts branch. DIQ010=1 is accepted for DIRECT mapping of the diagnosed-T2D criterion only; DIQ010=2 contradicts it; unresolved codes are INDETERMINATE.,"Self-reported physician diagnosis does not reproduce trial adjudication, diabetes duration, or type confirmation. This is phenotype mapping, not trial-adjudicated diabetes or exact eligibility.",,Established ASCVD branch is not broadened.
SURPASS-CVOT,NCT04255433,SURPASSCVOT-B1-RESIDUAL,Established coronary/cerebrovascular disease not captured by specified proxy,SURPASS-CVOT-CVD-RESIDUAL,Established coronary/cerebrovascular manifestations outside the specified proxy,CORE_BRANCH_DEFINING,YES,ClinicalTrials.gov record / trial protocol / primary publication,https://clinicaltrials.gov/study/NCT04255433; manuscript reference [5],criterion_segment_id=NCT04255433-S014,UNAVAILABLE,NONE,No participant-level value is evaluated; structural unobservability invokes POTENTIAL when all evaluable core criteria are satisfied.,,The source disease construct includes manifestations not completely reconstructed by self-reported CHD/MI/stroke.,source phenotype precedes NHANES observability.
SURPASS-CVOT,NCT04255433,SURPASSCVOT-B2,Established peripheral arterial disease,SURPASS-CVOT-AGE40,Age ≥40 years,CORE_NECESSARY,YES,ClinicalTrials.gov record / trial protocol / primary publication,https://clinicaltrials.gov/study/NCT04255433; manuscript reference [5],criterion_segment_id=NCT04255433-S043,OBSERVABLE,RIDAGEYR,Valid RIDAGEYR ≥40; missing/invalid unresolved.,,,PAD alternative branch.
SURPASS-CVOT,NCT04255433,SURPASSCVOT-B2,Established peripheral arterial disease,SURPASS-CVOT-BMI25,BMI ≥25 kg/m²,CORE_NECESSARY,YES,ClinicalTrials.gov record / trial protocol / primary publication,https://clinicaltrials.gov/study/NCT04255433; manuscript reference [5],criterion_segment_id=NCT04255433-S005,OBSERVABLE,BMXBMI,Valid BMXBMI ≥25; missing/out-of-range unresolved.,,,PAD alternative branch.
SURPASS-CVOT,NCT04255433,SURPASSCVOT-B2,Established peripheral arterial disease,SURPASS-CVOT-T2D,Diagnosed type 2 diabetes,CORE_NECESSARY,YES,ClinicalTrials.gov record / trial protocol / primary publication,https://clinicaltrials.gov/study/NCT04255433; manuscript reference [5],criterion_segment_id=NCT04255433-S043,PROXY_OBSERVABLE,DIQ010,DIQ010=1; codes 3/7/9/missing unresolved; DIQ010=2 contradicts branch. DIQ010=1 is accepted for DIRECT mapping of the diagnosed-T2D criterion only; DIQ010=2 contradicts it; unresolved codes are INDETERMINATE.,"Self-reported physician diagnosis does not reproduce trial adjudication, diabetes duration, or type confirmation. This is phenotype mapping, not trial-adjudicated diabetes or exact eligibility.",,PAD alternative branch.
SURPASS-CVOT,NCT04255433,SURPASSCVOT-B2,Established peripheral arterial disease,SURPASS-CVOT-PAD,Trial-defined peripheral arterial disease,CORE_BRANCH_DEFINING,YES,ClinicalTrials.gov record / trial protocol / primary publication,https://clinicaltrials.gov/study/NCT04255433; manuscript reference [5],criterion_segment_id=NCT04255433-S047,UNAVAILABLE,NONE,No participant-level value is evaluated; structural unobservability invokes POTENTIAL when all evaluable core criteria are satisfied.,,Symptomatic PAD and qualifying peripheral procedures are not specified.,PAD alternative branch.
